Supplemental Table 1 -  ,,,,,,,,,,
Order,Family,Genus,Species,Author,Lemmon's ID,Specimen ID,institution origin,captured of loci,,
Zygentoma,Ateluridae,Atelura,formicaria,,-,SAMN02047107,NCBI,-,,
Zygentoma,Lepidotrichidae,Tricholepidion,gertschi,,-,SAMN02047188,NCBI,-,,
Zygentoma,Lepismatidae,Thermobia,domestica,,-,SAMN02047119,NCBI,-,,
Ephemeroptera,Baetidae,Baetis,sp,,-,SAMN02047149,NCBI,-,,
Ephemeroptera,Isonychiidae,Isonychia,bicolor,,-,SAMN02047198,NCBI,-,,
Ephemeroptera,Ephemerellidae,Eurylophella,sp,,-,SAMN02047200,NCBI,-,,
Ephemeroptera,Ephemeridae,Ephemera,danica,,-,SAMN02047152,NCBI,-,,
Ephemeroptera,Ephemeridae,Ephemera,danica_2,,-,,NCBI,-,,
Odonata (Anisoptera),Aeshnidae,Anax,walsinghami,,I22133,OD830,BYU,340,,
Odonata (Anisoptera),Aeshnidae,Austroaeschna,pulchra,,I18567,OD74,BYU,75,,
Odonata (Anisoptera),Aeshnidae,Austrophlebia,costalis,,I18560,OD49,BYU,314,,
Odonata (Anisoptera),Aeshnidae,Gynacantha,gracilis,,I22172,OD1316,BYU,332,,
Odonata (Anisoptera),Aeshnidae,Gynacanthaeschna,sikkima,,I22161,OD1303,RMNH,335,,
Odonata (Anisoptera),Aeshnidae,Planaeshna,ishigakiana,,I22148,OD1171,BYU,335,,
Odonata (Anisoptera),Austropetaliidae,Hypopetalia,pestilens ,,I18615,OD1115,BYU,325,,
Odonata (Anisoptera),Austropetaliidae,Phyllopetalia,apollo,,I18612,OD1112,BYU,317,,
Odonata (Anisoptera),Petaluridae,Petalura,gigantea,,I22174,OD1318,BYU,329,,
Odonata (Anisoptera),Petaluridae,Phenes,raptor,,I18614,OD1114,BYU,333,,
Odonata (Anisoptera),Petaluridae,Tanypteryx,hageni,,I18577,OD91,BYU,132,,
Odonata (Anisoptera),Gomphidae,Austrogomphus,amphiclitus,,I18574,OD85,BYU,205,,
Odonata (Anisoptera),Gomphidae,Erpetogomphus,compositus,,I18576,OD89,BYU,298,,
Odonata (Anisoptera),Gomphidae,Ictinogomphus,australis,,I18566,OD69,BYU,121,,
Odonata (Anisoptera),Gomphidae,Ophiogomphus,morrisoni,,I22170,OD1314,BYU,294,,
Odonata (Anisoptera),Neopetaliidae,Neopetalia,punctata,,I18613,OD1113,BYU,354,,
Odonata (Anisoptera),Chlorogomphidae,Chlorogomphus,auratus,,I22171,OD1315,BYU,337,,
Odonata (Anisoptera),Cordulegastridae,Cordulegaster,boltonii,,-,SAMN02047156,NCBI,-,,
Odonata (Anisoptera),Cordulegastridae,Cordulegaster,sp,,I22145,OD1164,AMNH,366,,
Odonata (Anisoptera),Cordulegastridae,Neallogaster,hermionae,,I22162,OD1304,RMNH,362,,
Odonata (Anisoptera),Macromiidae,Epophthalmia,elegans,,I18552,OD1101,AMNH,342,,
Odonata (Anisoptera),Macromiidae,Macromia,illinoiensis,,I18546,OD1087,AMNH,231,,
Odonata (Anisoptera),Macromiidae,Phyllomacromia,hervei ,,I18551,OD1100,AMNH,354,,
Odonata (Anisoptera),Synthemistidae,Austrocordulia,refracta,,I22149,OD1172,AMNH,368,,
Odonata (Anisoptera),Synthemistidae,Austrocordulia,refracta_2,,I18553,OD1104,AMNH,356,,
Odonata (Anisoptera),Synthemistidae,Choristhemis,flavoterminata ,,I18570,OD79,BYU,262,,
Odonata (Anisoptera),Synthemistidae,Cordulephya,pygmaea,,I22167,OD1310,BYU,365,,
Odonata (Anisoptera),Synthemistidae,Eusynthemis,nigra,,I18568,OD76,BYU,297,,
Odonata (Anisoptera),Synthemistidae,Gomphomacromia,paradoxa,,I22146,OD1169,BYU,360,,
Odonata (Anisoptera),Synthemistidae,Micromidia,convergens,,I18545,OD54,BYU,312,,
Odonata (Anisoptera),Synthemistidae,Parasynthemis ,regina,,I22168,OD1311,BYU,349,,
Odonata (Anisoptera),Corduliidae,Cordulia,aenea,,I18597,OD146,BYU,330,,
Odonata (Anisoptera),Corduliidae,Hemicordulia,australiae,,I18573,OD83,BYU,367,,
Odonata (Anisoptera),Corduliidae,Pentathemis,sp,,I22144,OD1158,AMNH,360,,
Odonata (Anisoptera),Corduliidae,Rialla,villosa,,I22178,OD1322,BYU,251,,
Odonata (Anisoptera),Libellulidae,Agrionoptera,insignis,,I18599,OD150,BYU,338,,
Odonata (Anisoptera),Libellulidae,Austrothemis,nigrescens,,I18575,OD87,BYU,273,,
Odonata (Anisoptera),Libellulidae,Brachydiplax,denticauda,,I18572,OD82,BYU,351,,
Odonata (Anisoptera),Libellulidae,Brachythemis,contaminata,,I18547,OD1091,AMNH,217,,
Odonata (Anisoptera),Libellulidae,Ladona,fulva,,-,1424351,NCBI,-,,
Odonata (Anisoptera),Libellulidae,Macrodiplax,cora,,I22175,OD1319,BYU,348,,
Odonata (Anisoptera),Libellulidae,Nannophlebia,alexia,,I18548,OD1094,AMNH,185,,
Odonata (Anisoptera),Libellulidae,Nannophya,australis,,I18562,OD59,BYU,227,,
Odonata (Anisoptera),Libellulidae,Orthetrum,sp,,I18550,OD1097,AMNH,297,,
Odonata (Anisoptera),Libellulidae,Orthetrum,sp_2,,I18556,OD1108,AMNH,347,,
Odonata (Anisoptera),Libellulidae,Pantala,flavescens,,I18584,OD107,BYU,262,,
Odonata (Anisoptera),Libellulidae,Rhyothemis,graphiptera,,I18569,OD77,BYU,255,,
Odonata (Anisoptera),Libellulidae,Sympetrum,corruptum,,I18549,OD1095,AMNH,337,,
Odonata (Anisoptera),Libellulidae,Tramea,transmarina,,I18555,OD1107,AMNH,198,,
Odonata (Anisoptera),Libellulidae,Zygonyx,flavicosta,,I18554,OD1106,AMNH,260,,
Odonata (Anisozygoptera),Epiophlebiidae,Epiophlebia,laidlawi,,I22160,OD1302,RMNH,365,,
Odonata (Anisozygoptera),Epiophlebiidae,Epiophlebia,superstes_2,,-,SAMN02047171,NCBI,-,,
Odonata (Anisozygoptera),Epiophlebiidae,Epiophlebia,superstes,,I18606,OD1076,UdV,360,,
Odonata (Zygoptera),Amphipterygidae,Amphipteryx,agrioides,,I22142,OD1148,RMNH,445,,
Odonata (Zygoptera),Argiolestidae,Austroargiolestes,icteromelas,,I18596,OD142,BYU,393,,
Odonata (Zygoptera),Argiolestidae,Austroargiolestes,icteromelas_2,,I18610,OD1083,UdV,451,,
Odonata (Zygoptera),Argiolestidae,Caledargiolestes,uniseries,,I18603,OD162,BYU,444,,
Odonata (Zygoptera),Argiolestidae,Griseargiolestes,albescens,,I18563,OD61,BYU,147,,
Odonata (Zygoptera),Argiolestidae,Nesolestes,sp,,I22166,OD1309,RMNH,389,,
Odonata (Zygoptera),Calopterygidae,Calopteryx,splendens,,-,SAMN02047184,NCBI,-,,
Odonata (Zygoptera),Calopterygidae,Hetaerina,americana,,I22147,OD1170,BYU,448,,
Odonata (Zygoptera),Calopterygidae,Matrona,basilaris,,I18580,OD102,BYU,455,,
Odonata (Zygoptera),Calopterygidae,Neurobasis,ianthinipennis,,I18624,OD1125,BYU,440,,
Odonata (Zygoptera),Calopterygidae,Ormenophlebia,imperatrix,,I22134,OD976,BYU,440,,
Odonata (Zygoptera),Calopterygidae,Vestalis,apicalis,,I18589,OD126,BYU,415,,
Odonata (Zygoptera),Chlorocyphidae,Heliocypha,biseriata,,I18586,OD120,BYU,432,,
Odonata (Zygoptera),Chlorocyphidae,Libellago,semiopaca,,I18592,OD134,BYU,389,,
Odonata (Zygoptera),Chlorocyphidae,Rhinocypha,tincta,,I18558,OD35,BYU,426,,
Odonata (Zygoptera),Coenagrionidae,Agriocnemis,pygmaea,,I18561,OD50,BYU,392,,
Odonata (Zygoptera),Coenagrionidae,Agriocnemis,sp,,I22176,OD1320,BYU,411,,
Odonata (Zygoptera),Coenagrionidae,Argia,nahuana,,I18604,OD178,BYU,419,,
Odonata (Zygoptera),Coenagrionidae,Cyanallagma,sp,,I18616,OD1116,BYU,413,,
Odonata (Zygoptera),Coenagrionidae,Enallagma,civile,,I18585,OD108,BYU,420,,
Odonata (Zygoptera),Coenagrionidae,Ischnura,barberi,,I18557,OD15,BYU,383,,
Odonata (Zygoptera),Coenagrionidae,Neoneura,maria,,I18581,OD103,BYU,429,,
Odonata (Zygoptera),Coenagrionidae,Papuagrion,occipitale,,I18593,OD136,BYU,437,,
Odonata (Zygoptera),Coenagrionidae,Protoneura,capillaris,,I18582,OD105,BYU,391,,
Odonata (Zygoptera),Coenagrionidae,Pseudagrion,aureofrons,,I18565,OD66,BYU,363,,
Odonata (Zygoptera),Coenagrionidae,Pyrrhosoma,nymphula,,I18594,OD137,BYU,449,,
Odonata (Zygoptera),Coenagrionidae,Xanthocnemis,tuanuii,,I22159,OD1299,BYU,413,,
Odonata (Zygoptera),Devadattidae,Devadatta,podolestoides,,I18600,OD151,BYU,442,,
Odonata (Zygoptera),Dicteriadidae,Heliocharis,amazona,,I18609,OD1082,UdV,428,,
Odonata (Zygoptera),Euphaeidae,Bayadera,brevicauda,,I18579,OD99,BYU,377,,
Odonata (Zygoptera),Euphaeidae,Euphaea,ochracea,,I18591,OD132,BYU,341,,
Odonata (Zygoptera),Hemiphlebiidae,Hemiphlebia,mirabilis,,I18605,OD1074,UdV,298,,
Odonata (Zygoptera),Heteragrionidae,Heteragrion,majus,,I18617,OD1118,BYU,371,,
Odonata (Zygoptera),Heteragrionidae,Heteragrion,sp,,I22135,OD1128,RMNH,449,,
Odonata (Zygoptera),Hypolestidae,Hypolestes,sp,,I22141,OD1146,RMNH,421,,
Odonata (Zygoptera),IS_group_1,Agriomorpha,fusca,,I18620,OD1121,BYU,439,,
Odonata (Zygoptera),IS_group_1,Agriomorpha,xinglongensis ,,I18611,OD1085,UdV,457,,
Odonata (Zygoptera),IS_group_1,Rhipidolestes,aculeatus,,I18578,OD96,BYU,408,,
Odonata (Zygoptera),IS_group_2,Amanipodagrion,gilliesi,,I18629,OD1133,RMNH,457,,
Odonata (Zygoptera),IS_group_3,Dimeragrion,percubitale,,I18626,OD1126,RMNH,449,,
Odonata (Zygoptera),IS_group_3,Mesagrion,leucorhinum,,I22152,OD1183,ANDESE,451,,
Odonata (Zygoptera),IS_group_4,Mesopodagrion,sp,,I18607,OD1077,UdV,458,,
Odonata (Zygoptera),IS_group_5,Priscagrion,kiautai,,I22155,OD1280,BYU,416,,
Odonata (Zygoptera),IS_group_7,Protolestes,fickei,,I18632,OD1136,RMNH,451,,
Odonata (Zygoptera),IS_group_7,Protolestes,kerckhoffae,,I22165,OD1308,RMNH,454,,
Odonata (Zygoptera),IS_group_7,Tatocnemis,malgassica,,I18633,OD1137,RMNH,452,,
Odonata (Zygoptera),Isostictidae,Isosticta,robustior,,I18602,OD159,BYU,445,,
Odonata (Zygoptera),Isostictidae,Labidiosticta,vallisi,,I22169,OD1312,BYU,451,,
Odonata (Zygoptera),Isostictidae,Neosticta,fraseri,,I22153,OD1277,RMNH,446,,
Odonata (Zygoptera),Isostictidae,Rhadinosticta,simplex,,I22132,OD55,BYU,444,,
Odonata (Zygoptera),Lestidae,Archilestes,grandis,,I18583,OD106,BYU,326,,
Odonata (Zygoptera),Lestidae,Austrolestes,annulosus,,I18564,OD63,BYU,289,,
Odonata (Zygoptera),Lestidae,Indolestes,cyaneus,,I22154,OD1278,RMNH,351,,
Odonata (Zygoptera),Lestidae,Lestes,disjunctus,,I22177,OD1321,BYU,355,,
Odonata (Zygoptera),Lestidae,Orolestes,octomaculatus,,I18625,OD1127,BYU,351,,
Odonata (Zygoptera),Lestidae,Sympecma,paedisca,,I18587,OD122,BYU,317,,
Odonata (Zygoptera),Lestoideidae,Diphlebia,coerulescens,,I18559,OD43,BYU,432,,
Odonata (Zygoptera),Lestoideidae,Lestoidea,conjuncta,,I18601,OD157,BYU,433,,
Odonata (Zygoptera),Megapodagrionidae,Teinopodagrion,meridionale,,I22156,OD1281,BYU,428,,
Odonata (Zygoptera),Pentaphlebiidae,Pentaphlebia,mangana,,I22139,OD1139,RMNH,434,,
Odonata (Zygoptera),Perilestidae,Perissolestes,remotus,,I18619,OD1120,BYU,336,,
Odonata (Zygoptera),Philogangidae,Philoganga,vetusta,,I18608,OD1079,UdV,455,,
Odonata (Zygoptera),Philogeniidae,Philogenia,carrillica,,I18623,OD1124,BYU,348,,
Odonata (Zygoptera),Philosinidae,Philosina,buchi,,I22137,OD1130,RMNH,446,,
Odonata (Zygoptera),Philosinidae,Rhinagrion,sp,,I18618,OD1119,BYU,439,,
Odonata (Zygoptera),Platycnemididae,Coeliccia,pyriformis,,I18622,OD1123,BYU,419,,
Odonata (Zygoptera),Platycnemididae,Copera,marginipes,,I18595,OD138,BYU,368,,
Odonata (Zygoptera),Platycnemididae,Elattoneura,glauca,,I22164,OD1306,RMNH,422,,
Odonata (Zygoptera),Platycnemididae,Mesocnemis,singularis,,I18636,OD1143,RMNH,409,,
Odonata (Zygoptera),Platycnemididae,Nososticta,solida,,I22173,OD1317,BYU,436,,
Odonata (Zygoptera),Platycnemididae,Nososticta,sp,,I18588,OD123,BYU,352,,
Odonata (Zygoptera),Platycnemididae,Onychargia,atrocyana,,I18628,OD1132,RMNH,436,,
Odonata (Zygoptera),Platycnemididae,Platycnemis,pennipes,,I18598,OD148,BYU,405,,
Odonata (Zygoptera),Platycnemididae,Prodasineura,croconota,,I18621,OD1122,BYU,441,,
Odonata (Zygoptera),Platystictidae,Protosticta,sanguinostigma,,I18590,OD131,BYU,327,,
Odonata (Zygoptera),Polythoridae,Euthore,fasciata,,I22151,OD1181,ANDESE,449,,
Odonata (Zygoptera),Polythoridae,Miocora,aurea,,I22150,OD1180,AMNH,452,,
Odonata (Zygoptera),Polythoridae,Polythore,procera,,I22143,OD1157,ANDESE,452,,
Odonata (Zygoptera),Pseudolestidae,Pseudolestes,mirabilis,,I22157,OD1283,UdV,438,,
Odonata (Zygoptera),Synlestidae,Chlorolestes,umbratus,,I22163,OD1305,RMNH,359,,
Odonata (Zygoptera),Synlestidae,Synlestes,weyersii,,I18571,OD81,BYU,361,,
Odonata (Zygoptera),Thaumatoneuridae,Paraphlebia,sp,,I18631,OD1135,RMNH,453,,
Odonata (Zygoptera),Thaumatoneuridae,Thaumatoneura,inopinata,,I18635,OD1141,RMNH,465,,
,,,,,,,,,,
,,,,,,,,,,
,,,,,,,,,,
,,,,,,,,,,
,,,,,,,,,,
,,,,,,,,,,
,,,,,,,,,,
,,,,,,,,,,
,,,,,,,,,,
,,,,,,,,,,
,,,,,,,,,,
,,,,,,,,,,
,,,,,,,,,,
,,,,,,,,,,
,,,,,,,,,,
,,,,,,,,,,
,,,,,,,,,,
,,,,,,,,,,
,,,,,,,,,,
,,,,,,,,,,
,,,,,,,,,,
,,,,,,,,,,
,,,,,,,,,,
,,,,,,,,,,
,,,,,,,,,,
,,,,,,,,,,
,,,,,,,,,,
,,,,,,,,,,
,,,,,,,,,,
,,,,,,,,,,
,,,,,,,,,,
,,,,,,,,,,
,,,,,,,,,,
,,,,,,,,,,
,,,,,,,,,,
,,,,,,,,,,
,,,,,,,,,,
,,,,,,,,,,
,,,,,,,,,,
,,,,,,,,,,
,,,,,,,,,,
,,,,,,,,,,
,,,,,,,,,,
,,,,,,,,,,
,,,,,,,,,,
,,,,,,,,,,
,,,,,,,,,,
,,,,,,,,,,
,,,,,,,,,,
,,,,,,,,,,
,,,,,,,,,,
,,,,,,,,,,
,,,,,,,,,,
,,,,,,,,,,
,,,,,,,,,,
,,,,,,,,,,
,,,,,,,,,,
,,,,,,,,,,
,,,,,,,,,,
,,,,,,,,,,
,,,,,,,,,,
,,,,,,,,,,
,,,,,,,,,,
,,,,,,,,,,
,,,,,,,,,,
,,,,,,,,,,
,,,,,,,,,,
,,,,,,,,,,
,,,,,,,,,,
,,,,,,,,,,
,,,,,,,,,,
,,,,,,,,,,
,,,,,,,,,,
,,,,,,,,,,
,,,,,,,,,,
,,,,,,,,,,
,,,,,,,,,,
,,,,,,,,,,
,,,,,,,,,,
,,,,,,,,,,
,,,,,,,,,,
,,,,,,,,,,
,,,,,,,,,,
,,,,,,,,,,
,,,,,,,,,,
,,,,,,,,,,
,,,,,,,,,,
,,,,,,,,,,
,,,,,,,,,,
,,,,,,,,,,
,,,,,,,,,,
,,,,,,,,,,
,,,,,,,,,,
,,,,,,,,,,
,,,,,,,,,,
,,,,,,,,,,
,,,,,,,,,,
,,,,,,,,,,
,,,,,,,,,,
,,,,,,,,,,
,,,,,,,,,,
,,,,,,,,,,
,,,,,,,,,,
,,,,,,,,,,
,,,,,,,,,,
,,,,,,,,,,
,,,,,,,,,,
,,,,,,,,,,
,,,,,,,,,,
,,,,,,,,,,
,,,,,,,,,,
,,,,,,,,,,
,,,,,,,,,,
,,,,,,,,,,
,,,,,,,,,,
,,,,,,,,,,
,,,,,,,,,,
,,,,,,,,,,
,,,,,,,,,,
,,,,,,,,,,
,,,,,,,,,,
,,,,,,,,,,
,,,,,,,,,,
,,,,,,,,,,
,,,,,,,,,,
,,,,,,,,,,
,,,,,,,,,,
,,,,,,,,,,
,,,,,,,,,,
,,,,,,,,,,
,,,,,,,,,,
,,,,,,,,,,
,,,,,,,,,,
,,,,,,,,,,
,,,,,,,,,,
,,,,,,,,,,
,,,,,,,,,,
,,,,,,,,,,
,,,,,,,,,,
,,,,,,,,,,
,,,,,,,,,,
,,,,,,,,,,
,,,,,,,,,,
,,,,,,,,,,
,,,,,,,,,,
,,,,,,,,,,
,,,,,,,,,,
,,,,,,,,,,
,,,,,,,,,,
,,,,,,,,,,
,,,,,,,,,,
,,,,,,,,,,
,,,,,,,,,,
,,,,,,,,,,
,,,,,,,,,,
,,,,,,,,,,
,,,,,,,,,,
,,,,,,,,,,
,,,,,,,,,,
,,,,,,,,,,
,,,,,,,,,,
,,,,,,,,,,
,,,,,,,,,,
,,,,,,,,,,
,,,,,,,,,,
,,,,,,,,,,
,,,,,,,,,,
,,,,,,,,,,
,,,,,,,,,,
,,,,,,,,,,
,,,,,,,,,,
,,,,,,,,,,
,,,,,,,,,,
,,,,,,,,,,
,,,,,,,,,,
,,,,,,,,,,
,,,,,,,,,,
,,,,,,,,,,
,,,,,,,,,,
,,,,,,,,,,
,,,,,,,,,,
,,,,,,,,,,
,,,,,,,,,,
,,,,,,,,,,
,,,,,,,,,,
,,,,,,,,,,
,,,,,,,,,,
,,,,,,,,,,
,,,,,,,,,,
,,,,,,,,,,
,,,,,,,,,,
,,,,,,,,,,
,,,,,,,,,,
,,,,,,,,,,
,,,,,,,,,,
,,,,,,,,,,
,,,,,,,,,,
,,,,,,,,,,
,,,,,,,,,,
,,,,,,,,,,
,,,,,,,,,,
,,,,,,,,,,
,,,,,,,,,,
,,,,,,,,,,
,,,,,,,,,,
,,,,,,,,,,
,,,,,,,,,,
,,,,,,,,,,
,,,,,,,,,,
,,,,,,,,,,
,,,,,,,,,,
,,,,,,,,,,
,,,,,,,,,,
,,,,,,,,,,
,,,,,,,,,,
,,,,,,,,,,
,,,,,,,,,,
,,,,,,,,,,
,,,,,,,,,,
,,,,,,,,,,
,,,,,,,,,,
,,,,,,,,,,
,,,,,,,,,,
,,,,,,,,,,
,,,,,,,,,,
,,,,,,,,,,
,,,,,,,,,,
,,,,,,,,,,
,,,,,,,,,,
,,,,,,,,,,
,,,,,,,,,,
,,,,,,,,,,
,,,,,,,,,,
,,,,,,,,,,
,,,,,,,,,,
,,,,,,,,,,
,,,,,,,,,,
,,,,,,,,,,
,,,,,,,,,,
,,,,,,,,,,
,,,,,,,,,,
,,,,,,,,,,
,,,,,,,,,,
,,,,,,,,,,
,,,,,,,,,,
,,,,,,,,,,
,,,,,,,,,,
,,,,,,,,,,
,,,,,,,,,,
,,,,,,,,,,
,,,,,,,,,,
,,,,,,,,,,
,,,,,,,,,,
,,,,,,,,,,
,,,,,,,,,,
,,,,,,,,,,
,,,,,,,,,,
,,,,,,,,,,
,,,,,,,,,,
,,,,,,,,,,
,,,,,,,,,,
,,,,,,,,,,
,,,,,,,,,,
,,,,,,,,,,
,,,,,,,,,,
,,,,,,,,,,
,,,,,,,,,,
,,,,,,,,,,
,,,,,,,,,,
,,,,,,,,,,
,,,,,,,,,,
,,,,,,,,,,
,,,,,,,,,,
,,,,,,,,,,
,,,,,,,,,,
,,,,,,,,,,
,,,,,,,,,,
,,,,,,,,,,
,,,,,,,,,,
,,,,,,,,,,
,,,,,,,,,,
,,,,,,,,,,
,,,,,,,,,,
,,,,,,,,,,
,,,,,,,,,,
,,,,,,,,,,
,,,,,,,,,,
,,,,,,,,,,
,,,,,,,,,,
,,,,,,,,,,
,,,,,,,,,,
,,,,,,,,,,
,,,,,,,,,,
,,,,,,,,,,
,,,,,,,,,,
,,,,,,,,,,
,,,,,,,,,,
,,,,,,,,,,
,,,,,,,,,,
,,,,,,,,,,
,,,,,,,,,,
,,,,,,,,,,
,,,,,,,,,,
,,,,,,,,,,
,,,,,,,,,,
,,,,,,,,,,
,,,,,,,,,,
,,,,,,,,,,
,,,,,,,,,,
,,,,,,,,,,
,,,,,,,,,,
,,,,,,,,,,
,,,,,,,,,,
,,,,,,,,,,
,,,,,,,,,,
,,,,,,,,,,
,,,,,,,,,,
,,,,,,,,,,
,,,,,,,,,,
,,,,,,,,,,
,,,,,,,,,,
,,,,,,,,,,
,,,,,,,,,,
,,,,,,,,,,
,,,,,,,,,,
,,,,,,,,,,
,,,,,,,,,,
,,,,,,,,,,
,,,,,,,,,,
,,,,,,,,,,
,,,,,,,,,,
,,,,,,,,,,
,,,,,,,,,,
,,,,,,,,,,
,,,,,,,,,,
,,,,,,,,,,
,,,,,,,,,,
,,,,,,,,,,
,,,,,,,,,,
,,,,,,,,,,
,,,,,,,,,,
,,,,,,,,,,
,,,,,,,,,,
,,,,,,,,,,
,,,,,,,,,,
,,,,,,,,,,
,,,,,,,,,,
,,,,,,,,,,
,,,,,,,,,,
,,,,,,,,,,
,,,,,,,,,,
,,,,,,,,,,
,,,,,,,,,,
,,,,,,,,,,
,,,,,,,,,,
,,,,,,,,,,
,,,,,,,,,,
,,,,,,,,,,
,,,,,,,,,,
,,,,,,,,,,
,,,,,,,,,,
,,,,,,,,,,
,,,,,,,,,,
,,,,,,,,,,
,,,,,,,,,,
,,,,,,,,,,
,,,,,,,,,,
,,,,,,,,,,
,,,,,,,,,,
,,,,,,,,,,
,,,,,,,,,,
,,,,,,,,,,
,,,,,,,,,,
,,,,,,,,,,
,,,,,,,,,,
,,,,,,,,,,
,,,,,,,,,,
,,,,,,,,,,
,,,,,,,,,,
,,,,,,,,,,
,,,,,,,,,,
,,,,,,,,,,
,,,,,,,,,,
,,,,,,,,,,
,,,,,,,,,,
,,,,,,,,,,
,,,,,,,,,,
,,,,,,,,,,
,,,,,,,,,,
,,,,,,,,,,
,,,,,,,,,,
,,,,,,,,,,
,,,,,,,,,,
,,,,,,,,,,
,,,,,,,,,,
,,,,,,,,,,
,,,,,,,,,,
,,,,,,,,,,
,,,,,,,,,,
,,,,,,,,,,
,,,,,,,,,,
,,,,,,,,,,
,,,,,,,,,,
,,,,,,,,,,
,,,,,,,,,,
,,,,,,,,,,
,,,,,,,,,,
,,,,,,,,,,
,,,,,,,,,,
,,,,,,,,,,
,,,,,,,,,,
,,,,,,,,,,
,,,,,,,,,,
,,,,,,,,,,
,,,,,,,,,,
,,,,,,,,,,
,,,,,,,,,,
,,,,,,,,,,
,,,,,,,,,,
,,,,,,,,,,
,,,,,,,,,,
,,,,,,,,,,
,,,,,,,,,,
,,,,,,,,,,
,,,,,,,,,,
,,,,,,,,,,
,,,,,,,,,,
,,,,,,,,,,
,,,,,,,,,,
,,,,,,,,,,
,,,,,,,,,,
,,,,,,,,,,
,,,,,,,,,,
,,,,,,,,,,
,,,,,,,,,,
,,,,,,,,,,
,,,,,,,,,,
,,,,,,,,,,
,,,,,,,,,,
,,,,,,,,,,
,,,,,,,,,,
,,,,,,,,,,
,,,,,,,,,,
,,,,,,,,,,
,,,,,,,,,,
,,,,,,,,,,
,,,,,,,,,,
,,,,,,,,,,
,,,,,,,,,,
,,,,,,,,,,
,,,,,,,,,,
,,,,,,,,,,
,,,,,,,,,,
,,,,,,,,,,
,,,,,,,,,,
,,,,,,,,,,
,,,,,,,,,,
,,,,,,,,,,
,,,,,,,,,,
,,,,,,,,,,
,,,,,,,,,,
,,,,,,,,,,
,,,,,,,,,,
,,,,,,,,,,
,,,,,,,,,,
,,,,,,,,,,
,,,,,,,,,,
,,,,,,,,,,
,,,,,,,,,,
,,,,,,,,,,
,,,,,,,,,,
,,,,,,,,,,
,,,,,,,,,,
,,,,,,,,,,
,,,,,,,,,,
,,,,,,,,,,
,,,,,,,,,,
,,,,,,,,,,
,,,,,,,,,,
,,,,,,,,,,
,,,,,,,,,,
,,,,,,,,,,
,,,,,,,,,,
,,,,,,,,,,
,,,,,,,,,,
,,,,,,,,,,
,,,,,,,,,,
,,,,,,,,,,
,,,,,,,,,,
,,,,,,,,,,
,,,,,,,,,,
,,,,,,,,,,
,,,,,,,,,,
,,,,,,,,,,
,,,,,,,,,,
,,,,,,,,,,
,,,,,,,,,,
,,,,,,,,,,
,,,,,,,,,,
,,,,,,,,,,
,,,,,,,,,,
,,,,,,,,,,
,,,,,,,,,,
,,,,,,,,,,
,,,,,,,,,,
,,,,,,,,,,
,,,,,,,,,,
,,,,,,,,,,
,,,,,,,,,,
,,,,,,,,,,
,,,,,,,,,,
,,,,,,,,,,
,,,,,,,,,,
,,,,,,,,,,
,,,,,,,,,,
,,,,,,,,,,
,,,,,,,,,,
,,,,,,,,,,
,,,,,,,,,,
,,,,,,,,,,
,,,,,,,,,,
,,,,,,,,,,
,,,,,,,,,,
,,,,,,,,,,
,,,,,,,,,,
,,,,,,,,,,
,,,,,,,,,,
,,,,,,,,,,
,,,,,,,,,,
,,,,,,,,,,
,,,,,,,,,,
,,,,,,,,,,
,,,,,,,,,,
,,,,,,,,,,
,,,,,,,,,,
,,,,,,,,,,
,,,,,,,,,,
,,,,,,,,,,
,,,,,,,,,,
,,,,,,,,,,
,,,,,,,,,,
,,,,,,,,,,
,,,,,,,,,,
,,,,,,,,,,
,,,,,,,,,,
,,,,,,,,,,
,,,,,,,,,,
,,,,,,,,,,
,,,,,,,,,,
,,,,,,,,,,
,,,,,,,,,,
,,,,,,,,,,
,,,,,,,,,,
,,,,,,,,,,
,,,,,,,,,,
,,,,,,,,,,
,,,,,,,,,,
,,,,,,,,,,
,,,,,,,,,,
,,,,,,,,,,
,,,,,,,,,,
,,,,,,,,,,
,,,,,,,,,,
,,,,,,,,,,
,,,,,,,,,,
,,,,,,,,,,
,,,,,,,,,,
,,,,,,,,,,
,,,,,,,,,,
,,,,,,,,,,
,,,,,,,,,,
,,,,,,,,,,
,,,,,,,,,,
,,,,,,,,,,
,,,,,,,,,,
,,,,,,,,,,
,,,,,,,,,,
,,,,,,,,,,
,,,,,,,,,,
,,,,,,,,,,
,,,,,,,,,,
,,,,,,,,,,
,,,,,,,,,,
,,,,,,,,,,
,,,,,,,,,,
,,,,,,,,,,
,,,,,,,,,,
,,,,,,,,,,
,,,,,,,,,,
,,,,,,,,,,
,,,,,,,,,,
,,,,,,,,,,
,,,,,,,,,,
,,,,,,,,,,
,,,,,,,,,,
,,,,,,,,,,
,,,,,,,,,,
,,,,,,,,,,
,,,,,,,,,,
,,,,,,,,,,
,,,,,,,,,,
,,,,,,,,,,
,,,,,,,,,,
,,,,,,,,,,
,,,,,,,,,,
,,,,,,,,,,
,,,,,,,,,,
,,,,,,,,,,
,,,,,,,,,,
,,,,,,,,,,
,,,,,,,,,,
,,,,,,,,,,
,,,,,,,,,,
,,,,,,,,,,
,,,,,,,,,,
,,,,,,,,,,
,,,,,,,,,,
,,,,,,,,,,
,,,,,,,,,,
,,,,,,,,,,
,,,,,,,,,,
,,,,,,,,,,
,,,,,,,,,,
,,,,,,,,,,
,,,,,,,,,,
,,,,,,,,,,
,,,,,,,,,,
,,,,,,,,,,
,,,,,,,,,,
,,,,,,,,,,
,,,,,,,,,,
,,,,,,,,,,
,,,,,,,,,,
,,,,,,,,,,
,,,,,,,,,,
,,,,,,,,,,
,,,,,,,,,,
,,,,,,,,,,
,,,,,,,,,,
,,,,,,,,,,
,,,,,,,,,,
,,,,,,,,,,
,,,,,,,,,,
,,,,,,,,,,
,,,,,,,,,,
,,,,,,,,,,
,,,,,,,,,,
,,,,,,,,,,
,,,,,,,,,,
,,,,,,,,,,
,,,,,,,,,,
,,,,,,,,,,
,,,,,,,,,,
,,,,,,,,,,
,,,,,,,,,,
,,,,,,,,,,
,,,,,,,,,,
,,,,,,,,,,
,,,,,,,,,,
,,,,,,,,,,
,,,,,,,,,,
,,,,,,,,,,
,,,,,,,,,,
,,,,,,,,,,
,,,,,,,,,,
,,,,,,,,,,
,,,,,,,,,,
,,,,,,,,,,
,,,,,,,,,,
,,,,,,,,,,
,,,,,,,,,,
,,,,,,,,,,
,,,,,,,,,,
,,,,,,,,,,
,,,,,,,,,,
,,,,,,,,,,
,,,,,,,,,,
,,,,,,,,,,
,,,,,,,,,,
,,,,,,,,,,
,,,,,,,,,,
,,,,,,,,,,
,,,,,,,,,,
,,,,,,,,,,
,,,,,,,,,,
,,,,,,,,,,
,,,,,,,,,,
,,,,,,,,,,
,,,,,,,,,,
,,,,,,,,,,
,,,,,,,,,,
,,,,,,,,,,
,,,,,,,,,,
,,,,,,,,,,
,,,,,,,,,,
,,,,,,,,,,
,,,,,,,,,,
,,,,,,,,,,
,,,,,,,,,,
,,,,,,,,,,
,,,,,,,,,,
,,,,,,,,,,
,,,,,,,,,,
,,,,,,,,,,
,,,,,,,,,,
,,,,,,,,,,
,,,,,,,,,,
,,,,,,,,,,
,,,,,,,,,,
,,,,,,,,,,
,,,,,,,,,,
,,,,,,,,,,
,,,,,,,,,,
,,,,,,,,,,
,,,,,,,,,,
,,,,,,,,,,
,,,,,,,,,,
,,,,,,,,,,
,,,,,,,,,,
,,,,,,,,,,
,,,,,,,,,,
,,,,,,,,,,
,,,,,,,,,,
,,,,,,,,,,
,,,,,,,,,,
,,,,,,,,,,
,,,,,,,,,,
,,,,,,,,,,
,,,,,,,,,,
,,,,,,,,,,
,,,,,,,,,,
,,,,,,,,,,
,,,,,,,,,,
,,,,,,,,,,
,,,,,,,,,,
,,,,,,,,,,
,,,,,,,,,,
,,,,,,,,,,
,,,,,,,,,,
,,,,,,,,,,
,,,,,,,,,,
,,,,,,,,,,
,,,,,,,,,,
,,,,,,,,,,
,,,,,,,,,,
,,,,,,,,,,
,,,,,,,,,,
,,,,,,,,,,
,,,,,,,,,,
,,,,,,,,,,
,,,,,,,,,,
,,,,,,,,,,
,,,,,,,,,,
,,,,,,,,,,
,,,,,,,,,,
,,,,,,,,,,
,,,,,,,,,,
,,,,,,,,,,
,,,,,,,,,,
,,,,,,,,,,
,,,,,,,,,,
,,,,,,,,,,
,,,,,,,,,,
,,,,,,,,,,
,,,,,,,,,,
,,,,,,,,,,
,,,,,,,,,,
,,,,,,,,,,
,,,,,,,,,,
,,,,,,,,,,
,,,,,,,,,,
,,,,,,,,,,
,,,,,,,,,,
,,,,,,,,,,
,,,,,,,,,,
,,,,,,,,,,
,,,,,,,,,,
,,,,,,,,,,
,,,,,,,,,,
,,,,,,,,,,
,,,,,,,,,,
,,,,,,,,,,
,,,,,,,,,,
,,,,,,,,,,
,,,,,,,,,,
,,,,,,,,,,
,,,,,,,,,,
,,,,,,,,,,
,,,,,,,,,,
,,,,,,,,,,
,,,,,,,,,,
,,,,,,,,,,
,,,,,,,,,,
,,,,,,,,,,
,,,,,,,,,,
,,,,,,,,,,
,,,,,,,,,,
,,,,,,,,,,
,,,,,,,,,,
,,,,,,,,,,
,,,,,,,,,,
,,,,,,,,,,
,,,,,,,,,,
,,,,,,,,,,
,,,,,,,,,,
,,,,,,,,,,
,,,,,,,,,,
,,,,,,,,,,
,,,,,,,,,,
,,,,,,,,,,
,,,,,,,,,,
,,,,,,,,,,
,,,,,,,,,,
,,,,,,,,,,
,,,,,,,,,,
,,,,,,,,,,
,,,,,,,,,,
,,,,,,,,,,
,,,,,,,,,,
,,,,,,,,,,
,,,,,,,,,,
,,,,,,,,,,
,,,,,,,,,,
,,,,,,,,,,
,,,,,,,,,,
,,,,,,,,,,
,,,,,,,,,,
,,,,,,,,,,
,,,,,,,,,,
,,,,,,,,,,
,,,,,,,,,,
,,,,,,,,,,
,,,,,,,,,,
,,,,,,,,,,
,,,,,,,,,,
,,,,,,,,,,
,,,,,,,,,,
,,,,,,,,,,
,,,,,,,,,,
,,,,,,,,,,
,,,,,,,,,,
,,,,,,,,,,
,,,,,,,,,,
,,,,,,,,,,
,,,,,,,,,,
,,,,,,,,,,
,,,,,,,,,,
,,,,,,,,,,
,,,,,,,,,,
,,,,,,,,,,
,,,,,,,,,,
,,,,,,,,,,
,,,,,,,,,,
,,,,,,,,,,
,,,,,,,,,,